<?xml version="1.0" encoding="UTF-8"?>

<Condition xmlns="http://hl7.org/fhir">
  <id value="ConditionExample"/>
  <text>
    <status value="generated"/><div xmlns="http://www.w3.org/1999/xhtml"><p class="res-header-id"><b>Generated Narrative: Condition ConditionExample</b></p><a name="ConditionExample"> </a><a name="hcConditionExample"> </a><p><b>clinicalStatus</b>: <span title="Codes:{http://terminology.hl7.org/CodeSystem/condition-clinical active}">Active</span></p><p><b>verificationStatus</b>: <span title="Codes:{http://terminology.hl7.org/CodeSystem/condition-ver-status confirmed}">Confirmed</span></p><p><b>category</b>: <span title="Codes:{http://terminology.hl7.org/CodeSystem/condition-category encounter-diagnosis}">Encounter Diagnosis</span></p><p><b>code</b>: <span title="Codes:{http://snomed.info/sct 195967001}">Asthma</span></p><p><b>subject</b>: <a href="Patient-PatientExample.html">Purple Snow  (no stated gender), DoB Unknown</a></p></div>
  </text>
  <clinicalStatus>
    <coding>
      <system value="http://terminology.hl7.org/CodeSystem/condition-clinical"/>
      <code value="active"/>
      <display value="Active"/>
    </coding>
  </clinicalStatus>
  <verificationStatus>
    <coding>
      <system value="http://terminology.hl7.org/CodeSystem/condition-ver-status"/>
      <code value="confirmed"/>
      <display value="Confirmed"/>
    </coding>
  </verificationStatus>
  <category>
    <coding>
      <system value="http://terminology.hl7.org/CodeSystem/condition-category"/>
      <code value="encounter-diagnosis"/>
      <display value="Encounter Diagnosis"/>
    </coding>
  </category>
  <code>
    <coding>
      <system value="http://snomed.info/sct"/>
      <code value="195967001"/>
      <display value="Asthma"/>
    </coding>
  </code>
  <subject>
    <reference value="Patient/PatientExample"/>
  </subject>
</Condition>