[
  {
    "id" : "fhir.example",
    "type" : "ImplementationGuide",
    "url" : "http://example.org/ImplementationGuide/fhir.example",
    "version" : "0.1.0",
    "name" : "AsthmaReportingIG"
  },
  {
    "id" : "exposure-history",
    "type" : "StructureDefinition",
    "url" : "http://example.org/StructureDefinition/exposure-history",
    "version" : "0.1.0",
    "name" : "ExposureHistory"
  },
  {
    "id" : "my-patient",
    "type" : "StructureDefinition",
    "url" : "http://example.org/StructureDefinition/my-patient",
    "version" : "0.1.0",
    "name" : "MyPatient"
  },
  {
    "id" : "occupation",
    "type" : "StructureDefinition",
    "url" : "http://example.org/StructureDefinition/occupation",
    "version" : "0.1.0",
    "name" : "Occupation"
  }
]
