<?xml version="1.0" encoding="UTF-8"?>

<Encounter xmlns="http://hl7.org/fhir">
  <id value="EncounterExample"/>
  <text>
    <status value="generated"/><div xmlns="http://www.w3.org/1999/xhtml"><p class="res-header-id"><b>Generated Narrative: Encounter EncounterExample</b></p><a name="EncounterExample"> </a><a name="hcEncounterExample"> </a><p><b>status</b>: Finished</p><p><b>class</b>: <a href="http://terminology.hl7.org/6.5.0/CodeSystem-v3-ActCode.html#v3-ActCode-AMB">ActCode AMB</a>: ambulatory</p><p><b>type</b>: <span title="Codes:{http://snomed.info/sct 185349003}">Encounter for problem</span></p><p><b>subject</b>: <a href="Patient-PatientExample.html">Purple Snow  (no stated gender), DoB Unknown</a></p><p><b>period</b>: 2025-08-20 --&gt; 2025-08-20</p><h3>Diagnoses</h3><table class="grid"><tr><td style="display: none">-</td><td><b>Condition</b></td></tr><tr><td style="display: none">*</td><td><a href="Condition-ConditionExample.html">Condition Asthma</a></td></tr></table></div>
  </text>
  <status value="finished"/>
  <class>
    <system value="http://terminology.hl7.org/CodeSystem/v3-ActCode"/>
    <code value="AMB"/>
    <display value="ambulatory"/>
  </class>
  <type>
    <coding>
      <system value="http://snomed.info/sct"/>
      <code value="185349003"/>
      <display value="Encounter for problem"/>
    </coding>
  </type>
  <subject>
    <reference value="Patient/PatientExample"/>
  </subject>
  <period>
    <start value="2025-08-20"/>
    <end value="2025-08-20"/>
  </period>
  <diagnosis>
    <condition>
      <reference value="Condition/ConditionExample"/>
    </condition>
  </diagnosis>
</Encounter>